id;street_address;postal_code;city;state_province
1;Concrete;Louisiana Agent;West Amanda;Massachusetts
2;gold Operations grey;Computers;Fort Rylan;juicy
3;Metal Electric;Mini;Edina;until error Hybrid
4;grey North;Clothing withdrawal;Encinitas;primary Manager
5;withdrawal Associate;voluptate Bicycle Diesel;Dundalk;Response Account Recycled
6;Martin;optimize Alabama;Lailaside;Rubber Mississippi
7;toolset capacity Loaf;services;Starkshire;Direct apropos Minivan
8;Hyundai Ball;throughout hard;Seattle;strategize alarm deliver
9;foolishly voluptatem;randomisation;North Geneboro;feed
10;Licensed Cargo salmon;architectures Sedan;Lake Chauncey;Minivan Poland
